﻿Designator,Footprint,Quantity,Value,LCSC Part #
BT1,PinHeader_1x02_P1.00mm_Vertical,1,Battery_Cell,
"C1, C10, C11, C12, C2, C3, C4, C5, C6, C7, C8, C9",0805,12,C,
"LED1, LED10, LED11, LED12, LED13, LED14, LED15, LED16, LED17, LED18, LED19, LED2, LED20, LED21, LED22, LED23, LED24, LED25, LED26, LED27, LED28, LED29, LED3, LED30, LED31, LED32, LED33, LED34, LED35, LED36, LED37, LED38, LED39, LED4, LED40, LED41, LED42, LED43, LED44, LED45, LED46, LED47, LED48, LED5, LED6, LED7, LED8, LED9",LED-ARRAY-SMD_6P-L3.7-W3.5-TL_SK6812MINIRGBW-XW-P6-A-000,48,~,
U1,XIAO-nRF52840-SMD,1,XIAO-nRF52840-SMD,
U2,SW-SMD_WS-1001-ACW09026,1,~,
